id,date,team_jersey,salary,projected_fpts,actual_fpts,value_score,ownership_pct,opponent
1,2025-09-26,SF_23,0.0,0.0,,0.0,25.5,$8500
2,2025-09-26,LAR_12,0.0,0.0,,0.0,19.9,$7900
3,2025-09-26,BUF_17,0.0,0.0,,0.0,12.8,$7700
4,2025-09-26,BAL_8,0.0,0.0,,0.0,5.0,$7500
5,2025-09-26,PHI_1,0.0,0.0,,0.0,6.4,$6700
6,2025-09-26,SF_13,0.0,0.0,,0.0,11.3,$6100
7,2025-09-26,IND_28,0.0,0.0,,0.0,16.3,$7500
8,2025-09-26,LAC_10,0.0,0.0,,0.0,4.9,$6300
9,2025-09-26,DET_0,0.0,0.0,,0.0,17.0,$7700
10,2025-09-26,TB_7,0.0,0.0,,0.0,15.4,$6900
11,2025-09-26,IND_17,0.0,0.0,,0.0,9.2,$5600
12,2025-09-26,ATL_7,0.0,0.0,,0.0,12.9,$8200
13,2025-09-26,TB_6,0.0,0.0,,0.0,1.4,$6500
14,2025-09-26,KC_15,0.0,0.0,,0.0,5.2,$6000
15,2025-09-26,NE_10,0.0,0.0,,0.0,9.7,$5500
16,2025-09-26,WAS_8,0.0,0.0,,0.0,1.9,$5000
17,2025-09-26,DET_16,0.0,0.0,,0.0,1.3,$6400
18,2025-09-26,PHI_26,0.0,0.0,,0.0,11.6,$7600
19,2025-09-26,LV_7,0.0,0.0,,0.0,4.6,$5400
20,2025-09-26,BUF_4,0.0,0.0,,0.0,14.6,$7100
21,2025-09-26,DET_14,0.0,0.0,,0.0,13.5,$7300
22,2025-09-26,CHI_18,0.0,0.0,,0.0,2.2,$5800
23,2025-09-26,CLE_15,0.0,0.0,,0.0,7.3,$4700
24,2025-09-26,LAR_9,0.0,0.0,,0.0,0.4,$5900
25,2025-09-26,JAX_16,0.0,0.0,,0.0,2.0,$5200
26,2025-09-26,NYG_6,0.0,0.0,,0.0,9.0,$4500
27,2025-09-26,SF_23,0.0,0.0,,0.0,25.5,$8500
28,2025-09-26,LAR_12,0.0,0.0,,0.0,19.9,$7900
29,2025-09-26,BUF_17,0.0,0.0,,0.0,12.8,$7700
30,2025-09-26,BAL_8,0.0,0.0,,0.0,5.0,$7500
31,2025-09-26,PHI_1,0.0,0.0,,0.0,6.4,$6700
32,2025-09-26,SF_13,0.0,0.0,,0.0,11.3,$6100
33,2025-09-26,IND_28,0.0,0.0,,0.0,16.3,$7500
34,2025-09-26,LAC_10,0.0,0.0,,0.0,4.9,$6300
35,2025-09-26,DET_0,0.0,0.0,,0.0,17.0,$7700
36,2025-09-26,TB_7,0.0,0.0,,0.0,15.4,$6900
37,2025-09-26,IND_17,0.0,0.0,,0.0,9.2,$5600
38,2025-09-26,ATL_7,0.0,0.0,,0.0,12.9,$8200
39,2025-09-26,TB_6,0.0,0.0,,0.0,1.4,$6500
40,2025-09-26,KC_15,0.0,0.0,,0.0,5.2,$6000
41,2025-09-26,NE_10,0.0,0.0,,0.0,9.7,$5500
42,2025-09-26,WAS_8,0.0,0.0,,0.0,1.9,$5000
43,2025-09-26,DET_16,0.0,0.0,,0.0,1.3,$6400
44,2025-09-26,PHI_26,0.0,0.0,,0.0,11.6,$7600
45,2025-09-26,LV_7,0.0,0.0,,0.0,4.6,$5400
46,2025-09-26,BUF_4,0.0,0.0,,0.0,14.6,$7100
47,2025-09-26,DET_14,0.0,0.0,,0.0,13.5,$7300
48,2025-09-26,CHI_18,0.0,0.0,,0.0,2.2,$5800
49,2025-09-26,CLE_15,0.0,0.0,,0.0,7.3,$4700
50,2025-09-26,LAR_9,0.0,0.0,,0.0,0.4,$5900
51,2025-09-26,JAX_16,0.0,0.0,,0.0,2.0,$5200
52,2025-09-26,NYG_6,0.0,0.0,,0.0,9.0,$4500
53,2025-09-26,SF_23,0.0,0.0,,0.0,25.5,$8500
54,2025-09-26,LAR_12,0.0,0.0,,0.0,19.9,$7900
55,2025-09-26,BUF_17,0.0,0.0,,0.0,12.8,$7700
56,2025-09-26,BAL_8,0.0,0.0,,0.0,5.0,$7500
57,2025-09-26,PHI_1,0.0,0.0,,0.0,6.4,$6700
58,2025-09-26,SF_13,0.0,0.0,,0.0,11.3,$6100
59,2025-09-26,IND_28,0.0,0.0,,0.0,16.3,$7500
60,2025-09-26,LAC_10,0.0,0.0,,0.0,4.9,$6300
61,2025-09-26,DET_0,0.0,0.0,,0.0,17.0,$7700
62,2025-09-26,TB_7,0.0,0.0,,0.0,15.4,$6900
63,2025-09-26,IND_17,0.0,0.0,,0.0,9.2,$5600
64,2025-09-26,ATL_7,0.0,0.0,,0.0,12.9,$8200
65,2025-09-26,TB_6,0.0,0.0,,0.0,1.4,$6500
66,2025-09-26,KC_15,0.0,0.0,,0.0,5.2,$6000
67,2025-09-26,NE_10,0.0,0.0,,0.0,9.7,$5500
68,2025-09-26,WAS_8,0.0,0.0,,0.0,1.9,$5000
69,2025-09-26,DET_16,0.0,0.0,,0.0,1.3,$6400
70,2025-09-26,PHI_26,0.0,0.0,,0.0,11.6,$7600
71,2025-09-26,LV_7,0.0,0.0,,0.0,4.6,$5400
72,2025-09-26,BUF_4,0.0,0.0,,0.0,14.6,$7100
73,2025-09-26,DET_14,0.0,0.0,,0.0,13.5,$7300
74,2025-09-26,CHI_18,0.0,0.0,,0.0,2.2,$5800
75,2025-09-26,CLE_15,0.0,0.0,,0.0,7.3,$4700
76,2025-09-26,LAR_9,0.0,0.0,,0.0,0.4,$5900
77,2025-09-26,JAX_16,0.0,0.0,,0.0,2.0,$5200
78,2025-09-26,NYG_6,0.0,0.0,,0.0,9.0,$4500
79,2025-09-26,SF_23,8500.0,23.51,,361.548277328796,25.5,JAX
80,2025-09-26,LAR_12,7900.0,23.5,,336.170212765957,19.9,IND
81,2025-09-26,BUF_17,7700.0,23.27,,330.898152127202,12.8,NO
82,2025-09-26,BAL_8,7500.0,21.77,,344.510794671566,5.0,KC
83,2025-09-26,PHI_1,6700.0,20.63,,324.769752787203,6.4,TB
84,2025-09-26,SF_13,6100.0,20.08,,303.784860557769,11.3,JAX
85,2025-09-26,IND_28,7500.0,19.81,,378.596668349319,16.3,LAR
86,2025-09-26,LAC_10,6300.0,19.38,,325.077399380805,4.9,NYG
87,2025-09-26,DET_0,7700.0,19.34,,398.138572905895,17.0,CLE
88,2025-09-26,TB_7,6900.0,19.12,,360.878661087866,15.4,PHI
89,2025-09-26,IND_17,5600.0,18.94,,295.670538542767,9.2,LAR
90,2025-09-26,ATL_7,8200.0,18.88,,434.322033898305,12.9,WAS
91,2025-09-26,TB_6,6500.0,18.75,,346.666666666667,1.4,PHI
92,2025-09-26,KC_15,6000.0,18.6,,322.58064516129,5.2,BAL
93,2025-09-26,NE_10,5500.0,18.45,,298.10298102981,9.7,CAR
94,2025-09-26,WAS_8,5000.0,18.33,,272.776868521549,1.9,ATL
95,2025-09-26,DET_16,6400.0,18.11,,353.395913859746,1.3,CLE
96,2025-09-26,PHI_26,7600.0,17.73,,428.652002256063,11.6,TB
97,2025-09-26,LV_7,5400.0,17.5,,308.571428571429,4.6,CHI
98,2025-09-26,BUF_4,7100.0,17.49,,405.946255002859,14.6,NO
99,2025-09-26,DET_14,7300.0,17.43,,418.818129661503,13.5,CLE
100,2025-09-26,CHI_18,5800.0,17.26,,336.03707995365,2.2,LV
101,2025-09-26,CLE_15,4700.0,16.52,,284.503631961259,7.3,DET
102,2025-09-26,JAX_16,5200.0,16.26,,319.80319803198,2.0,SF
103,2025-09-26,LAR_9,5900.0,16.26,,362.853628536285,0.4,IND
104,2025-09-26,NYG_6,4500.0,16.22,,277.435265104809,9.0,LAC
105,2025-09-26,BAL_22,7200.0,16.06,,448.318804483188,7.1,KC
106,2025-09-26,NYG_44,5500.0,16.04,,342.892768079801,15.7,LAC
107,2025-09-26,CAR_9,4900.0,16.0,,306.25,2.4,NE
108,2025-09-26,LAR_23,6300.0,15.96,,394.736842105263,12.0,IND
109,2025-09-26,LAC_8,5900.0,15.81,,373.181530676787,14.9,NYG
110,2025-09-26,HOU_12,7400.0,15.67,,472.239948947033,7.5,TEN
111,2025-09-26,ATL_9,5100.0,15.56,,327.763496143959,1.1,WAS
112,2025-09-26,NYG_1,7000.0,15.49,,451.904454486766,9.5,LAC
113,2025-09-26,LAR_17,6200.0,15.25,,406.55737704918,12.1,IND
114,2025-09-26,TEN_1,4800.0,14.93,,321.500334896182,0.3,HOU
115,2025-09-26,NO_2,4700.0,14.7,,319.727891156463,1.4,BUF
116,2025-09-26,CAR_30,6000.0,14.55,,412.371134020619,8.8,NE
117,2025-09-26,LV_89,5800.0,14.54,,398.899587345254,7.3,CHI
118,2025-09-26,TB_2,6800.0,14.42,,471.567267683773,7.2,PHI
119,2025-09-26,CAR_4,5900.0,14.4,,409.722222222222,9.1,NE
120,2025-09-26,HOU_7,5300.0,14.4,,368.055555555556,0.2,TEN
121,2025-09-26,NO_41,6100.0,14.4,,423.611111111111,7.3,BUF
122,2025-09-26,PHI_11,6400.0,14.39,,444.753300903405,8.8,TB
123,2025-09-26,NO_12,5100.0,14.26,,357.643758765778,15.5,BUF
124,2025-09-26,JAX_7,6100.0,14.22,,428.973277074543,7.9,SF
125,2025-09-26,CHI_15,6300.0,13.96,,451.289398280802,7.3,LV
126,2025-09-26,LAC_15,6500.0,13.94,,466.284074605452,6.9,NYG
127,2025-09-26,IND_84,4600.0,13.89,,331.17350611951,8.9,LAR
128,2025-09-26,TEN_20,5600.0,13.82,,405.20984081042,7.9,HOU
129,2025-09-26,SF_1,5700.0,13.82,,412.445730824891,9.8,JAX
130,2025-09-26,CLE_10,5500.0,13.77,,399.419026870007,7.8,DET
131,2025-09-26,ATL_5,5700.0,13.72,,415.451895043732,11.5,WAS
132,2025-09-26,LV_16,5400.0,13.72,,393.586005830904,10.6,CHI
133,2025-09-26,CHI_4,5400.0,13.27,,406.932931424265,8.6,LV
134,2025-09-26,BAL_4,6700.0,13.23,,506.424792139078,5.7,KC
135,2025-09-26,LAC_1,5500.0,13.02,,422.427035330261,8.7,NYG
136,2025-09-26,SF_15,5000.0,12.84,,389.408099688473,8.1,JAX
137,2025-09-26,WAS_1,6000.0,12.8,,468.75,6.1,ATL
138,2025-09-26,PHI_6,5400.0,12.8,,421.875,8.8,TB
139,2025-09-26,JAX_1,5800.0,12.8,,453.125,5.5,SF
140,2025-09-26,LV_2,6200.0,12.76,,485.8934169279,6.4,CHI
141,2025-09-26,IND_11,5100.0,12.6,,404.761904761905,9.3,LAR
142,2025-09-26,CLE_3,4900.0,12.44,,393.890675241158,9.1,DET
143,2025-09-26,DET_1,5900.0,12.36,,477.346278317152,4.7,CLE
144,2025-09-26,NO_83,4200.0,12.0,,350.0,7.6,BUF
145,2025-09-26,CHI_2,5600.0,11.95,,468.619246861925,5.8,LV
146,2025-09-26,DET_5,5700.0,11.94,,477.386934673367,4.0,CLE
147,2025-09-26,DET_87,4400.0,11.83,,371.935756551141,6.8,CLE
148,2025-09-26,HOU_21,5100.0,11.48,,444.250871080139,5.7,TEN
149,2025-09-26,KC_1,5800.0,11.27,,514.640638864241,3.2,BAL
150,2025-09-26,BUF_10,5300.0,10.99,,482.256596906278,6.1,NO
151,2025-09-26,TEN_0,4900.0,10.92,,448.717948717949,5.1,HOU
152,2025-09-26,NO_22,4600.0,10.73,,428.704566635601,4.5,BUF
153,2025-09-26,BUF_0,5600.0,10.72,,522.388059701492,4.5,NO
154,2025-09-26,NE_8,4500.0,10.49,,428.979980934223,5.3,CAR
155,2025-09-26,KC_87,4800.0,10.45,,459.33014354067,4.6,BAL
156,2025-09-26,IND_1,4100.0,10.29,,398.445092322643,8.3,LAR
157,2025-09-26,NE_85,4000.0,10.14,,394.477317554241,5.8,CAR
158,2025-09-26,NYG_17,5000.0,10.11,,494.559841740851,4.9,LAC
159,2025-09-26,HOU_13,4400.0,10.09,,436.07532210109,4.7,TEN
160,2025-09-26,ATL_1,4700.0,10.03,,468.594217347956,4.4,WAS
161,2025-09-26,NE_32,5200.0,9.78,,531.697341513292,2.4,CAR
162,2025-09-26,WAS_86,4100.0,9.77,,419.651995905834,5.6,ATL
163,2025-09-26,TEN_5,3900.0,9.72,,401.234567901235,5.9,HOU
164,2025-09-26,NE_38,5100.0,9.61,,530.697190426639,2.7,CAR
165,2025-09-26,WAS_22,5300.0,9.58,,553.235908141962,1.5,ATL
166,2025-09-26,CLE_85,3800.0,9.45,,402.116402116402,5.2,DET
167,2025-09-26,PHI_88,3900.0,9.43,,413.573700954401,4.4,TB
168,2025-09-26,BUF_86,4500.0,9.36,,480.769230769231,4.3,NO
169,2025-09-26,LV_1,4200.0,9.33,,450.16077170418,6.4,CHI
170,2025-09-26,CLE_19,4200.0,9.29,,452.099031216362,4.7,DET
171,2025-09-26,TB_14,6000.0,9.28,,646.551724137931,1.3,PHI
172,2025-09-26,KC_29,4800.0,9.19,,522.306855277476,1.8,BAL
173,2025-09-26,BAL_89,4300.0,8.77,,490.307867730901,3.3,KC
174,2025-09-26,WAS_36,4200.0,8.44,,497.630331753555,2.1,ATL
175,2025-09-26,KC_5,5200.0,8.41,,618.311533888228,2.4,BAL
176,2025-09-26,KC_80,4000.0,8.34,,479.616306954436,4.2,BAL
177,2025-09-26,TB_17,4000.0,8.26,,484.261501210654,3.7,PHI
178,2025-09-26,TEN_85,3500.0,8.24,,424.757281553398,3.9,HOU
179,2025-09-26,JAX_12,4600.0,8.08,,569.306930693069,1.1,SF
180,2025-09-26,ATL_8,3600.0,8.06,,446.650124069479,4.1,WAS
181,2025-09-26,JAX_85,3200.0,7.91,,404.551201011378,5.2,SF
182,2025-09-26,CAR_13,3800.0,7.89,,481.622306717364,3.4,NE
183,2025-09-26,WAS_26,4900.0,7.88,,621.827411167513,0.5,ATL
184,2025-09-26,BUF_5,4300.0,7.83,,549.169859514687,3.3,NO
185,2025-09-26,HOU_86,3300.0,7.8,,423.076923076923,4.0,TEN
186,2025-09-26,NE_9,4300.0,7.59,,566.534914361001,2.1,CAR
187,2025-09-26,JAX_11,3700.0,7.52,,492.021276595745,2.5,SF
188,2025-09-26,KC_10,5000.0,7.43,,672.947510094213,1.1,BAL
189,2025-09-26,HOU_27,4400.0,7.41,,593.792172739541,0.9,TEN
190,2025-09-26,BAL_7,4800.0,7.04,,681.818181818182,1.4,KC
191,2025-09-26,JAX_33,4800.0,7.02,,683.760683760684,0.8,SF
192,2025-09-26,NYG_26,4500.0,7.01,,641.940085592011,0.6,LAC
193,2025-09-26,CHI_85,3000.0,6.97,,430.416068866571,2.6,LV
194,2025-09-26,ATL_25,4700.0,6.84,,687.134502923977,0.9,WAS
195,2025-09-26,TB_88,3400.0,6.39,,532.0813771518,2.1,PHI
196,2025-09-26,BUF_22,4000.0,6.19,,646.203554119548,0.8,NO
197,2025-09-26,TB_1,4900.0,6.15,,796.747967479675,0.3,PHI
198,2025-09-26,CAR_5,4500.0,6.13,,734.094616639478,0.4,NE
199,2025-09-26,WAS_83,3300.0,6.04,,546.35761589404,1.5,ATL
200,2025-09-26,LV_10,3900.0,6.03,,646.766169154229,1.4,CHI
201,2025-09-26,NE_4,4600.0,5.95,,773.109243697479,0.5,CAR
202,2025-09-26,NYG_84,2900.0,5.92,,489.864864864865,2.4,LAC
203,2025-09-26,BAL_80,3300.0,5.91,,558.375634517766,1.8,KC
204,2025-09-26,LAC_28,4400.0,5.81,,757.314974182444,0.3,NYG
205,2025-09-26,NYG_18,3700.0,5.8,,637.931034482759,0.8,LAC
206,2025-09-26,CHI_87,4700.0,5.7,,824.561403508772,0.4,LV
207,2025-09-26,JAX_5,4100.0,5.67,,723.10405643739,1.0,SF
208,2025-09-26,CLE_22,4200.0,5.67,,740.740740740741,0.5,DET
209,2025-09-26,CHI_14,3600.0,5.51,,653.357531760436,1.3,LV
210,2025-09-26,BAL_43,4700.0,5.49,,856.102003642987,0.3,KC
211,2025-09-26,CLE_34,4600.0,5.46,,842.490842490843,0.3,DET
212,2025-09-26,IND_10,3100.0,5.43,,570.902394106814,1.7,LAR
213,2025-09-26,WAS_11,3400.0,5.4,,629.62962962963,0.7,ATL
214,2025-09-26,CAR_82,2700.0,5.27,,512.333965844402,2.4,NE
215,2025-09-26,WAS_19,3000.0,5.19,,578.034682080925,0.7,ATL
216,2025-09-26,SF_3,4500.0,5.14,,875.486381322957,0.3,JAX
217,2025-09-26,CAR_87,3000.0,4.93,,608.519269776876,0.7,NE
218,2025-09-26,NO_5,4100.0,4.83,,848.861283643892,0.2,BUF
219,2025-09-26,LV_87,2800.0,4.8,,583.333333333333,1.2,CHI
220,2025-09-26,SF_88,3100.0,4.72,,656.779661016949,1.9,JAX
221,2025-09-26,ATL_34,3700.0,4.68,,790.598290598291,0.6,WAS
222,2025-09-26,NE_3,3800.0,4.37,,869.565217391304,0.6,CAR
223,2025-09-26,BUF_26,4000.0,4.35,,919.540229885058,0.2,NO
224,2025-09-26,NO_10,3600.0,4.22,,853.080568720379,0.4,BUF
225,2025-09-26,LV_3,4100.0,4.21,,973.871733966746,0.2,CHI
226,2025-09-26,LAR_22,4300.0,4.11,,1046.22871046229,0.2,IND
227,2025-09-26,LAR_89,2800.0,4.11,,681.265206812652,1.4,IND
228,2025-09-26,CHI_25,4400.0,3.97,,1108.31234256927,0.1,LV
229,2025-09-26,BAL_10,4500.0,3.92,,1147.95918367347,0.2,KC
230,2025-09-26,CAR_83,3000.0,3.86,,777.20207253886,0.4,NE
231,2025-09-26,DET_11,3200.0,3.72,,860.215053763441,0.2,CLE
232,2025-09-26,LAR_5,3000.0,3.7,,810.810810810811,0.4,IND
233,2025-09-26,JAX_36,4000.0,3.65,,1095.8904109589,0.0,SF
234,2025-09-26,TEN_17,3000.0,3.64,,824.175824175824,0.1,HOU
235,2025-09-26,LAC_86,2600.0,3.37,,771.513353115727,1.1,NYG
236,2025-09-26,KC_83,2700.0,3.35,,805.970149253731,1.0,BAL
237,2025-09-26,PHI_2,3400.0,3.3,,1030.30303030303,0.3,TB
238,2025-09-26,HOU_81,3900.0,3.2,,1218.75,0.1,TEN
239,2025-09-26,HOU_19,3400.0,3.15,,1079.36507936508,0.2,TEN
240,2025-09-26,LAR_88,3000.0,3.14,,955.414012738853,0.3,IND
241,2025-09-26,TEN_4,3500.0,3.07,,1140.0651465798,0.2,HOU
242,2025-09-26,TEN_36,4000.0,3.03,,1320.13201320132,0.0,HOU
243,2025-09-26,CHI_84,3100.0,2.94,,1054.42176870748,0.5,LV
244,2025-09-26,SF_89,3000.0,2.93,,1023.89078498294,0.3,JAX
245,2025-09-26,KC_9,3800.0,2.9,,1310.34482758621,0.5,BAL
246,2025-09-26,TEN_84,2600.0,2.87,,905.923344947735,0.6,HOU
247,2025-09-26,DET_18,3500.0,2.82,,1241.13475177305,0.2,CLE
248,2025-09-26,HOU_82,3000.0,2.78,,1079.13669064748,0.1,TEN
249,2025-09-26,BAL_16,3200.0,2.66,,1203.00751879699,0.1,KC
250,2025-09-26,LAC_89,2900.0,2.66,,1090.22556390977,0.3,NYG
251,2025-09-26,CAR_84,2500.0,2.61,,957.854406130268,0.4,NE
252,2025-09-26,LAC_9,3000.0,2.51,,1195.21912350598,0.1,NYG
253,2025-09-26,WAS_82,2500.0,2.5,,1000.0,0.2,ATL
254,2025-09-26,LV_18,3600.0,2.49,,1445.78313253012,0.0,CHI
255,2025-09-26,CLE_16,3100.0,2.41,,1286.30705394191,0.0,DET
256,2025-09-26,LAC_83,2700.0,2.38,,1134.45378151261,0.3,NYG
257,2025-09-26,CLE_80,3000.0,2.36,,1271.18644067797,0.1,DET
258,2025-09-26,BUF_88,2500.0,2.34,,1068.37606837607,0.6,NO
259,2025-09-26,LAR_87,2500.0,2.33,,1072.96137339056,0.4,IND
260,2025-09-26,NO_30,4000.0,2.33,,1716.73819742489,0.0,BUF
261,2025-09-26,KC_24,4000.0,2.27,,1762.11453744493,0.0,BAL
262,2025-09-26,CAR_15,3000.0,2.26,,1327.43362831858,0.0,NE
263,2025-09-26,NE_81,3000.0,2.25,,1333.33333333333,0.4,CAR
264,2025-09-26,TB_15,3200.0,2.17,,1474.65437788018,0.0,PHI
265,2025-09-26,LV_23,4000.0,2.02,,1980.19801980198,0.0,CHI
266,2025-09-26,BUF_1,3200.0,1.9,,1684.21052631579,0.1,NO
267,2025-09-26,BAL_34,4200.0,1.86,,2258.06451612903,0.0,KC
268,2025-09-26,PHI_28,4300.0,1.75,,2457.14285714286,0.0,TB
269,2025-09-26,SF_14,3000.0,1.75,,1714.28571428571,0.0,JAX
270,2025-09-26,NO_14,3100.0,1.73,,1791.90751445087,0.0,BUF
271,2025-09-26,IND_21,4000.0,1.67,,2395.20958083832,0.0,LAR
272,2025-09-26,NE_18,3000.0,1.63,,1840.49079754601,0.0,CAR
273,2025-09-26,ATL_82,3000.0,1.5,,2000.0,0.0,WAS
274,2025-09-26,CAR_23,4000.0,1.4,,2857.14285714286,0.0,NE
275,2025-09-26,JAX_86,2500.0,1.4,,1785.71428571429,0.1,SF
276,2025-09-26,SF_44,4000.0,1.39,,2877.69784172662,1.3,JAX
277,2025-09-26,NYG_82,2500.0,1.35,,1851.85185185185,0.1,LAC
278,2025-09-26,TEN_11,3000.0,1.32,,2272.72727272727,0.0,HOU
279,2025-09-26,PHI_29,4000.0,1.31,,3053.43511450382,0.0,TB
280,2025-09-26,LAC_12,3000.0,1.31,,2290.07633587786,0.0,NYG
281,2025-09-26,TB_44,4000.0,1.29,,3100.77519379845,0.0,PHI
282,2025-09-26,KC_11,3300.0,1.16,,2844.8275862069,0.0,BAL
283,2025-09-26,LAR_84,2500.0,1.15,,2173.91304347826,0.1,IND
284,2025-09-26,TB_87,2500.0,1.12,,2232.14285714286,0.0,PHI
285,2025-09-26,HOU_33,4000.0,1.1,,3636.36363636364,0.0,TEN
286,2025-09-26,BAL_81,3400.0,1.1,,3090.90909090909,0.0,KC
287,2025-09-26,NE_86,3000.0,1.09,,2752.29357798165,0.0,CAR
288,2025-09-26,IND_16,3000.0,1.09,,2752.29357798165,0.0,LAR
289,2025-09-26,IND_85,2500.0,1.09,,2293.57798165138,0.0,LAR
290,2025-09-26,ATL_89,2500.0,1.04,,2403.84615384615,0.0,WAS
291,2025-09-26,BUF_18,3600.0,1.02,,3529.41176470588,0.1,NO
292,2025-09-26,PHI_81,2500.0,0.98,,2551.02040816327,0.1,TB
293,2025-09-26,DET_89,2900.0,0.93,,3118.27956989247,0.0,CLE
294,2025-09-26,PHI_18,3000.0,0.88,,3409.09090909091,0.0,TB
295,2025-09-26,HOU_31,4000.0,0.87,,4597.70114942529,0.0,TEN
296,2025-09-26,IND_31,4000.0,0.83,,4819.27710843374,0.0,LAR
297,2025-09-26,BUF_85,2500.0,0.78,,3205.12820512821,0.0,NO
298,2025-09-26,BAL_88,2800.0,0.77,,3636.36363636364,0.0,KC
299,2025-09-26,LV_80,2500.0,0.74,,3378.37837837838,0.2,CHI
300,2025-09-26,IND_6,3000.0,0.73,,4109.58904109589,0.0,LAR
301,2025-09-26,NYG_20,4000.0,0.7,,5714.28571428571,0.0,LAC
302,2025-09-26,CHI_23,4000.0,0.69,,5797.10144927536,0.0,LV
303,2025-09-26,CHI_12,3000.0,0.66,,4545.45454545455,0.0,LV
304,2025-09-26,SF_31,4000.0,0.65,,6153.84615384615,0.0,JAX
305,2025-09-26,CLE_2,3000.0,0.64,,4687.5,0.0,DET
306,2025-09-26,CHI_81,2500.0,0.63,,3968.25396825397,0.0,LV
307,2025-09-26,LAC_42,2500.0,0.61,,4098.36065573771,0.0,NYG
308,2025-09-26,NYG_13,3000.0,0.6,,5000.0,0.0,LAC
309,2025-09-26,LAC_84,3000.0,0.6,,5000.0,0.0,NYG
310,2025-09-26,LAR_18,2500.0,0.58,,4310.34482758621,0.0,IND
311,2025-09-26,IND_81,2500.0,0.56,,4464.28571428571,0.0,LAR
312,2025-09-26,DET_13,4000.0,0.56,,7142.85714285714,0.0,CLE
313,2025-09-26,LAR_19,3000.0,0.53,,5660.37735849057,0.0,IND
314,2025-09-26,SF_83,3300.0,0.52,,6346.15384615385,0.0,JAX
315,2025-09-26,KC_12,2500.0,0.51,,4901.96078431373,0.0,BAL
316,2025-09-26,PHI_83,2500.0,0.5,,5000.0,0.0,TB
317,2025-09-26,LAC_44,4000.0,0.49,,8163.26530612245,1.3,NYG
318,2025-09-26,JAX_17,3000.0,0.47,,6382.97872340426,0.0,SF
319,2025-09-26,NYG_85,2500.0,0.45,,5555.55555555556,0.0,LAC
320,2025-09-26,JAX_84,2500.0,0.41,,6097.56097560976,0.0,SF
321,2025-09-26,PHI_37,4100.0,0.37,,11081.0810810811,0.0,TB
322,2025-09-26,KC_89,3000.0,0.29,,10344.8275862069,0.0,BAL
323,2025-09-26,CLE_35,4000.0,0.24,,16666.6666666667,0.0,DET
324,2025-09-26,KC_81,3000.0,0.24,,12500.0,0.0,BAL
325,2025-09-26,NO_17,3000.0,0.23,,13043.4782608696,0.0,BUF
326,2025-09-26,DET_33,4000.0,0.15,,26666.6666666667,0.0,CLE
327,2025-09-26,TB_82,2500.0,0.11,,22727.2727272727,0.0,PHI
328,2025-09-26,IND_86,2500.0,0.05,,50000.0,0.0,LAR
329,2025-09-26,CAR_81,3000.0,0.0,,0.0,0.0,NE
330,2025-09-26,NO_7,2500.0,0.0,,0.0,0.0,BUF
331,2025-09-26,PHI_43,4000.0,0.0,,0.0,0.0,TB
332,2025-09-26,SF_17,3000.0,0.0,,0.0,0.0,JAX
333,2025-09-26,BUF_11,4000.0,0.0,,0.0,0.0,NO
334,2025-09-26,CLE_4,4000.0,0.0,,0.0,0.0,DET
335,2025-09-26,NO_87,2500.0,0.0,,0.0,0.0,BUF
336,2025-09-26,DET_19,3000.0,0.0,,0.0,0.0,CLE
337,2025-09-26,CAR_14,4400.0,0.0,,0.0,0.0,NE
338,2025-09-26,DET_25,4000.0,0.0,,0.0,0.0,CLE
339,2025-09-26,NYG_3,5000.0,0.0,,0.0,0.0,LAC
340,2025-09-26,CHI_35,4000.0,0.0,,0.0,0.0,LV
341,2025-09-26,HOU_83,2500.0,0.0,,0.0,0.0,TEN
342,2025-09-26,HOU_84,3000.0,0.0,,0.0,0.0,TEN
343,2025-09-26,SF_19,3000.0,0.0,,0.0,0.0,JAX
344,2025-09-26,NO_85,2500.0,0.0,,0.0,0.0,BUF
345,2025-09-26,NO_6,4200.0,0.0,,0.0,0.0,BUF
346,2025-09-26,TB_80,3000.0,0.0,,0.0,0.0,PHI
347,2025-09-26,PHI_80,3000.0,0.0,,0.0,0.0,TB
348,2025-09-26,ATL_18,4600.0,0.0,,0.0,0.0,WAS
349,2025-09-26,IND_15,4000.0,0.0,,0.0,0.0,LAR
350,2025-09-26,TEN_31,4000.0,0.0,,0.0,0.0,HOU
351,2025-09-26,BAL_42,4000.0,0.0,,0.0,0.0,KC
352,2025-09-26,SF_11,3000.0,0.0,,0.0,0.0,JAX
353,2025-09-26,HOU_18,4000.0,0.0,,0.0,0.0,TEN
354,2025-09-26,NYG_9,3000.0,0.0,,0.0,0.0,LAC
355,2025-09-26,WAS_30,4000.0,0.0,,0.0,0.0,ATL
356,2025-09-26,NYG_86,2500.0,0.0,,0.0,0.0,LAC
357,2025-09-26,WAS_17,5500.0,0.0,,0.0,0.0,ATL
358,2025-09-26,CLE_31,3000.0,0.0,,0.0,0.0,DET
359,2025-09-26,LAR_15,3000.0,0.0,,0.0,0.0,IND
360,2025-09-26,CLE_12,4200.0,0.0,,0.0,0.0,DET
361,2025-09-26,JAX_14,4000.0,0.0,,0.0,0.0,SF
362,2025-09-26,HOU_28,4000.0,0.0,,0.0,0.0,TEN
363,2025-09-26,TB_10,4000.0,0.0,,0.0,0.0,PHI
364,2025-09-26,CLE_8,4200.0,0.0,,0.0,0.0,DET
365,2025-09-26,SF_29,4000.0,0.0,,0.0,0.0,JAX
366,2025-09-26,TB_18,4000.0,0.0,,0.0,0.0,PHI
367,2025-09-26,SF_4,4000.0,0.0,,0.0,0.0,JAX
368,2025-09-26,KC_88,2500.0,0.0,,0.0,0.0,BAL
369,2025-09-26,BAL_83,3000.0,0.0,,0.0,0.0,KC
370,2025-09-26,TEN_10,4000.0,0.0,,0.0,0.0,HOU
371,2025-09-26,SF_85,2500.0,0.0,,0.0,0.0,JAX
372,2025-09-26,NE_34,4000.0,0.0,,0.0,0.0,CAR
373,2025-09-26,LAR_11,4400.0,0.0,,0.0,0.0,IND
374,2025-09-26,LV_31,4000.0,0.0,,0.0,0.0,CHI
375,2025-09-26,KC_85,2500.0,0.0,,0.0,0.0,BAL
376,2025-09-26,KC_17,4000.0,0.0,,0.0,0.0,BAL
377,2025-09-26,ATL_38,4000.0,0.0,,0.0,0.0,WAS
378,2025-09-26,DET_8,4400.0,0.0,,0.0,0.0,CLE
379,2025-09-26,IND_36,4000.0,0.0,,0.0,0.0,LAR
380,2025-09-26,SF_5,3500.0,0.0,,0.0,0.0,JAX
381,2025-09-26,NO_15,3000.0,0.0,,0.0,0.0,BUF
382,2025-09-26,BAL_82,3000.0,0.0,,0.0,0.0,KC
383,2025-09-26,IND_5,4100.0,0.0,,0.0,0.0,LAR
384,2025-09-26,WAS_87,2500.0,0.0,,0.0,0.0,ATL
385,2025-09-26,WAS_69,2500.0,0.0,,0.0,0.0,ATL
386,2025-09-26,HOU_3,3000.0,0.0,,0.0,0.0,TEN
387,2025-09-26,KC_25,4000.0,0.0,,0.0,0.0,BAL
388,2025-09-26,LAC_5,4000.0,0.0,,0.0,0.0,NYG
389,2025-09-26,DET_84,2500.0,0.0,,0.0,0.0,CLE
390,2025-09-26,LAC_22,4300.0,0.0,,0.0,0.0,NYG
391,2025-09-26,NO_88,2600.0,0.0,,0.0,0.0,BUF
392,2025-09-26,IND_2,3000.0,0.0,,0.0,0.0,LAR
393,2025-09-26,WAS_80,2500.0,0.0,,0.0,0.0,ATL
394,2025-09-26,ATL_84,2500.0,0.0,,0.0,0.0,WAS
395,2025-09-26,TB_81,3100.0,0.0,,0.0,0.0,PHI
396,2025-09-26,TEN_8,4000.0,0.0,,0.0,0.0,HOU
397,2025-09-26,TEN_2,4000.0,0.0,,0.0,0.0,HOU
398,2025-09-26,PHI_36,2500.0,0.0,,0.0,0.0,TB
399,2025-09-26,SF_82,2500.0,0.0,,0.0,0.0,JAX
400,2025-09-26,CLE_86,2500.0,0.0,,0.0,0.0,DET
401,2025-09-26,TB_41,2500.0,0.0,,0.0,0.0,PHI
402,2025-09-26,DET_88,2500.0,0.0,,0.0,0.0,CLE
403,2025-09-26,LV_12,4000.0,0.0,,0.0,0.0,CHI
404,2025-09-26,NO_49,2500.0,0.0,,0.0,0.0,BUF
405,2025-09-26,ATL_85,2500.0,0.0,,0.0,0.0,WAS
406,2025-09-26,PHI_14,4000.0,0.0,,0.0,0.0,TB
407,2025-09-26,TB_13,6600.0,0.0,,0.0,0.0,PHI
408,2025-09-26,HOU_43,2500.0,0.0,,0.0,0.0,TEN
409,2025-09-26,BAL_15,4300.0,0.0,,0.0,0.0,KC
410,2025-09-26,WAS_85,3000.0,0.0,,0.0,0.0,ATL
411,2025-09-26,TEN_16,3000.0,0.0,,0.0,0.0,HOU
412,2025-09-26,ATL_87,3000.0,0.0,,0.0,0.0,WAS
413,2025-09-26,CAR_85,2500.0,0.0,,0.0,0.0,NE
414,2025-09-26,HOU_10,4000.0,0.0,,0.0,0.0,TEN
415,2025-09-26,KC_30,4000.0,0.0,,0.0,0.0,BAL
416,2025-09-26,SF_32,4000.0,0.0,,0.0,0.0,JAX
417,2025-09-26,NO_13,4000.0,0.0,,0.0,0.0,BUF
418,2025-09-26,SF_10,5100.0,0.0,,0.0,0.0,JAX
419,2025-09-26,KC_41,2500.0,0.0,,0.0,0.0,BAL
420,2025-09-26,CLE_18,3000.0,0.0,,0.0,0.0,DET
421,2025-09-26,HOU_9,2500.0,0.0,,0.0,0.0,TEN
422,2025-09-26,LV_15,4000.0,0.0,,0.0,0.0,CHI
423,2025-09-26,CHI_17,4000.0,0.0,,0.0,0.0,LV
424,2025-09-26,SF_81,3000.0,0.0,,0.0,0.0,JAX
425,2025-09-26,PHI_89,3000.0,0.0,,0.0,0.0,TB
426,2025-09-26,NYG_29,5000.0,0.0,,0.0,0.0,LAC
427,2025-09-26,WAS_14,4000.0,0.0,,0.0,0.0,ATL
428,2025-09-26,JAX_80,3000.0,0.0,,0.0,0.0,SF
429,2025-09-26,CAR_24,4000.0,0.0,,0.0,0.0,NE
430,2025-09-26,CAR_17,3500.0,0.0,,0.0,0.0,NE
431,2025-09-26,CAR_18,3000.0,0.0,,0.0,0.0,NE
432,2025-09-26,NO_16,3000.0,0.0,,0.0,0.0,BUF
433,2025-09-26,IND_14,4400.0,0.0,,0.0,0.0,LAR
434,2025-09-26,CAR_0,3200.0,0.0,,0.0,0.0,NE
435,2025-09-26,HOU_88,2500.0,0.0,,0.0,0.0,TEN
436,2025-09-26,NE_37,4000.0,0.0,,0.0,0.0,CAR
437,2025-09-26,WAS_5,7000.0,0.0,,0.0,0.0,ATL
438,2025-09-26,HOU_17,3000.0,0.0,,0.0,0.0,TEN
439,2025-09-26,TB_11,3000.0,0.0,,0.0,0.0,PHI
440,2025-09-26,TB_19,3000.0,0.0,,0.0,0.0,PHI
441,2025-09-26,ATL_15,4000.0,0.0,,0.0,0.0,WAS
442,2025-09-26,BAL_26,4000.0,0.0,,0.0,0.0,KC
443,2025-09-26,ATL_4,3000.0,0.0,,0.0,0.0,WAS
444,2025-09-26,TEN_88,2500.0,0.0,,0.0,0.0,HOU
445,2025-09-26,CHI_11,4000.0,0.0,,0.0,0.0,LV
446,2025-09-26,BUF_14,3000.0,0.0,,0.0,0.0,NO
447,2025-09-26,PHI_16,4000.0,0.0,,0.0,0.0,TB
448,2025-09-26,LAR_13,4000.0,0.0,,0.0,0.0,IND
449,2025-09-26,BUF_41,4000.0,0.0,,0.0,0.0,NO
450,2025-09-26,NE_16,4000.0,0.0,,0.0,0.0,CAR
451,2025-09-26,NYG_80,3000.0,0.0,,0.0,0.0,LAC
452,2025-09-26,NYG_88,3000.0,0.0,,0.0,0.0,LAC
453,2025-09-26,NE_11,4000.0,0.0,,0.0,0.0,CAR
454,2025-09-26,LV_88,3000.0,0.0,,0.0,0.0,CHI
455,2025-09-26,NYG_19,4000.0,0.0,,0.0,0.0,LAC
456,2025-09-26,TEN_80,3000.0,0.0,,0.0,0.0,HOU
457,2025-09-26,KC_4,3000.0,0.0,,0.0,0.0,BAL
458,2025-09-26,TB_86,2500.0,0.0,,0.0,0.0,PHI
459,2025-09-26,ATL_14,3000.0,0.0,,0.0,0.0,WAS
460,2025-09-26,HOU_87,2500.0,0.0,,0.0,0.0,TEN
461,2025-09-26,HOU_44,4000.0,0.0,,0.0,0.0,TEN
462,2025-09-26,CHI_21,4000.0,0.0,,0.0,0.0,LV
